atc_classifications,availability_type,biotherapeutic,black_box_warning,chemical_probe,chirality,cross_references,dosed_ingredient,first_approval,first_in_class,helm_notation,inorganic_flag,max_phase,molecule_chembl_id,molecule_hierarchy,molecule_properties,molecule_structures,molecule_type,natural_product,oral,orphan,parenteral,polymer_flag,pref_name,prodrug,similarity,structure_type,therapeutic_flag,topical,usan_stem,usan_stem_definition,usan_substem,usan_year,veterinary,withdrawn_flag,source
[],-1.0,,0.0,0.0,-1.0,[],False,,-1.0,,-1.0,,CHEMBL1438518,"{'active_chembl_id': 'CHEMBL1438518', 'molecule_chembl_id': 'CHEMBL1438518', 'parent_chembl_id': 'CHEMBL1438518'}","{'alogp': '4.11', 'aromatic_rings': 3, 'full_molformula': 'C28H29N3O4', 'full_mwt': '471.56', 'hba': 6, 'hbd': 1, 'heavy_atoms': 35, 'mw_freebase': '471.56', 'np_likeness_score': '-1.30', 'num_ro5_violations': 0, 'psa': '82.97', 'qed_weighted': '0.47', 'ro3_pass': 'N', 'rtb': 9}","{'canonical_smiles': 'Cc1cccc(COc2ccc(C(=O)C3=C(O)C(=O)N(CCN(C)C)C3c3ccncc3)cc2)c1', 'molfile': '\n     RDKit          2D\n\n 35 38  0  0  0  0  0  0  0  0999 V2000\n   -0.6546   -0.7336    0.0000 O   0  0  0  0  0  0  0  0  0  0  0  0\n   -1.2093    0.9734    0.0000 O   0  0  0  0  0  0  0  0  0  0  0  0\n    1.9607   -0.6473    0.0000 O   0  0  0  0  0  0  0  0  0  0  0  0\n   -0.2020   -3.7483    0.0000 O   0  0  0  0  0  0  0  0  0  0  0  0\n    0.2428    1.2034    0.0000 N   0  0  0  0  0  0  0  0  0  0  0  0\n    3.2641    1.4833    0.0000 N   0  0  0  0  0  0  0  0  0  0  0  0\n   -0.4717    3.2659    0.0000 N   0  0  0  0  0  0  0  0  0  0  0  0\n    0.9102    0.7185    0.0000 C   0  0  0  0  0  0  0  0  0  0  0  0\n    0.6553   -0.0661    0.0000 C   0  0  0  0  0  0  0  0  0  0  0  0\n   -0.1697   -0.0661    0.0000 C   0  0  0  0  0  0  0  0  0  0  0  0\n   -0.4246    0.7185    0.0000 C   0  0  0  0  0  0  0  0  0  0  0  0\n    1.1402   -0.7336    0.0000 C   0  0  0  0  0  0  0  0  0  0  0  0\n    1.6949    0.9734    0.0000 C   0  0  0  0  0  0  0  0  0  0  0  0\n    0.8047   -1.4872    0.0000 C   0  0  0  0  0  0  0  0  0  0  0  0\n    0.2428    2.0284    0.0000 C   0  0  0  0  0  0  0  0  0  0  0  0\n    2.3079    0.4214    0.0000 C   0  0  0  0  0  0  0  0  0  0  0  0\n    1.8664    1.7804    0.0000 C   0  0  0  0  0  0  0  0  0  0  0  0\n    1.2896   -2.1547    0.0000 C   0  0  0  0  0  0  0  0  0  0  0  0\n   -0.0158   -1.5735    0.0000 C   0  0  0  0  0  0  0  0  0  0  0  0\n   -0.4717    2.4409    0.0000 C   0  0  0  0  0  0  0  0  0  0  0  0\n    3.0926    0.6763    0.0000 C   0  0  0  0  0  0  0  0  0  0  0  0\n    2.6510    2.0353    0.0000 C   0  0  0  0  0  0  0  0  0  0  0  0\n    0.1335   -2.9946    0.0000 C   0  0  0  0  0  0  0  0  0  0  0  0\n    0.9540   -2.9084    0.0000 C   0  0  0  0  0  0  0  0  0  0  0  0\n   -0.3514   -2.3272    0.0000 C   0  0  0  0  0  0  0  0  0  0  0  0\n    0.2829   -4.4157    0.0000 C   0  0  0  0  0  0  0  0  0  0  0  0\n   -0.0527   -5.1694    0.0000 C   0  0  0  0  0  0  0  0  0  0  0  0\n   -1.1862    3.6784    0.0000 C   0  0  0  0  0  0  0  0  0  0  0  0\n    0.2428    3.6784    0.0000 C   0  0  0  0  0  0  0  0  0  0  0  0\n    0.4323   -5.8368    0.0000 C   0  0  0  0  0  0  0  0  0  0  0  0\n   -0.8731   -5.2556    0.0000 C   0  0  0  0  0  0  0  0  0  0  0  0\n    0.0967   -6.5905    0.0000 C   0  0  0  0  0  0  0  0  0  0  0  0\n   -1.2087   -6.0093    0.0000 C   0  0  0  0  0  0  0  0  0  0  0  0\n   -0.7238   -6.6767    0.0000 C   0  0  0  0  0  0  0  0  0  0  0  0\n    0.5816   -7.2579    0.0000 C   0  0  0  0  0  0  0  0  0  0  0  0\n  1 10  1  0\n  2 11  2  0\n  3 12  2  0\n  4 23  1  0\n  4 26  1  0\n  5  8  1  0\n  5 11  1  0\n  5 15  1  0\n  6 21  2  0\n  6 22  1  0\n  7 20  1  0\n  7 28  1  0\n  7 29  1  0\n  8  9  1  0\n  8 13  1  0\n  9 10  2  0\n  9 12  1  0\n 10 11  1  0\n 12 14  1  0\n 13 16  2  0\n 13 17  1  0\n 14 18  2  0\n 14 19  1  0\n 15 20  1  0\n 16 21  1  0\n 17 22  2  0\n 18 24  1  0\n 19 25  2  0\n 23 24  2  0\n 23 25  1  0\n 26 27  1  0\n 27 30  1  0\n 27 31  2  0\n 30 32  2  0\n 31 33  1  0\n 32 34  1  0\n 32 35  1  0\n 33 34  2  0\nM  END\n> <chembl_id>\nCHEMBL1438518\n\n> <chembl_pref_name>\nNone', 'standard_inchi': 'InChI=1S/C28H29N3O4/c1-19-5-4-6-20(17-19)18-35-23-9-7-22(8-10-23)26(32)24-25(21-11-13-29-14-12-21)31(16-15-30(2)3)28(34)27(24)33/h4-14,17,25,33H,15-16,18H2,1-3H3', 'standard_inchi_key': 'WUMPEPHNNCQCPJ-UHFFFAOYSA-N'}",Small molecule,0.0,False,-1.0,False,0.0,,-1.0,56.962025165557861328125,MOL,False,False,,,,,-1.0,False,ChEMBL
[],-1.0,,0.0,0.0,-1.0,[],False,,-1.0,,-1.0,,CHEMBL1510231,"{'active_chembl_id': 'CHEMBL1510231', 'molecule_chembl_id': 'CHEMBL1510231', 'parent_chembl_id': 'CHEMBL1510231'}","{'alogp': '3.53', 'aromatic_rings': 2, 'full_molformula': 'C24H25FN2O4', 'full_mwt': '424.47', 'hba': 5, 'hbd': 1, 'heavy_atoms': 31, 'mw_freebase': '424.47', 'np_likeness_score': '-1.38', 'num_ro5_violations': 0, 'psa': '70.08', 'qed_weighted': '0.49', 'ro3_pass': 'N', 'rtb': 9}","{'canonical_smiles': 'C=CCOc1cccc(C2C(C(=O)c3ccc(F)cc3)=C(O)C(=O)N2CCN(C)C)c1', 'molfile': '\n     RDKit          2D\n\n 31 33  0  0  0  0  0  0  0  0999 V2000\n    0.9648   -6.6104    0.0000 F   0  0  0  0  0  0  0  0  0  0  0  0\n    0.5122   -3.5957    0.0000 O   0  0  0  0  0  0  0  0  0  0  0  0\n   -0.0425   -1.8887    0.0000 O   0  0  0  0  0  0  0  0  0  0  0  0\n    3.1275   -3.5094    0.0000 O   0  0  0  0  0  0  0  0  0  0  0  0\n    3.9893   -0.0198    0.0000 O   0  0  0  0  0  0  0  0  0  0  0  0\n    1.4096   -1.6587    0.0000 N   0  0  0  0  0  0  0  0  0  0  0  0\n    0.6951    0.4038    0.0000 N   0  0  0  0  0  0  0  0  0  0  0  0\n    2.0770   -2.1436    0.0000 C   0  0  0  0  0  0  0  0  0  0  0  0\n    1.8221   -2.9282    0.0000 C   0  0  0  0  0  0  0  0  0  0  0  0\n    0.9971   -2.9282    0.0000 C   0  0  0  0  0  0  0  0  0  0  0  0\n    0.7422   -2.1436    0.0000 C   0  0  0  0  0  0  0  0  0  0  0  0\n    2.8617   -1.8887    0.0000 C   0  0  0  0  0  0  0  0  0  0  0  0\n    2.3070   -3.5957    0.0000 C   0  0  0  0  0  0  0  0  0  0  0  0\n    1.9715   -4.3494    0.0000 C   0  0  0  0  0  0  0  0  0  0  0  0\n    1.4096   -0.8337    0.0000 C   0  0  0  0  0  0  0  0  0  0  0  0\n    3.0332   -1.0817    0.0000 C   0  0  0  0  0  0  0  0  0  0  0  0\n    3.4747   -2.4407    0.0000 C   0  0  0  0  0  0  0  0  0  0  0  0\n    3.8178   -0.8268    0.0000 C   0  0  0  0  0  0  0  0  0  0  0  0\n    2.4564   -5.0168    0.0000 C   0  0  0  0  0  0  0  0  0  0  0  0\n    1.1510   -4.4356    0.0000 C   0  0  0  0  0  0  0  0  0  0  0  0\n    4.2594   -2.1858    0.0000 C   0  0  0  0  0  0  0  0  0  0  0  0\n    0.6951   -0.4212    0.0000 C   0  0  0  0  0  0  0  0  0  0  0  0\n    4.4309   -1.3788    0.0000 C   0  0  0  0  0  0  0  0  0  0  0  0\n    2.1208   -5.7705    0.0000 C   0  0  0  0  0  0  0  0  0  0  0  0\n    0.8154   -5.1893    0.0000 C   0  0  0  0  0  0  0  0  0  0  0  0\n    1.3003   -5.8567    0.0000 C   0  0  0  0  0  0  0  0  0  0  0  0\n    3.3762    0.5322    0.0000 C   0  0  0  0  0  0  0  0  0  0  0  0\n   -0.0193    0.8163    0.0000 C   0  0  0  0  0  0  0  0  0  0  0  0\n    1.4096    0.8163    0.0000 C   0  0  0  0  0  0  0  0  0  0  0  0\n    3.5478    1.3392    0.0000 C   0  0  0  0  0  0  0  0  0  0  0  0\n    2.9347    1.8912    0.0000 C   0  0  0  0  0  0  0  0  0  0  0  0\n  1 26  1  0\n  2 10  1  0\n  3 11  2  0\n  4 13  2  0\n  5 18  1  0\n  5 27  1  0\n  6  8  1  0\n  6 11  1  0\n  6 15  1  0\n  7 22  1  0\n  7 28  1  0\n  7 29  1  0\n  8  9  1  0\n  8 12  1  0\n  9 10  2  0\n  9 13  1  0\n 10 11  1  0\n 12 16  1  0\n 12 17  2  0\n 13 14  1  0\n 14 19  2  0\n 14 20  1  0\n 15 22  1  0\n 16 18  2  0\n 17 21  1  0\n 18 23  1  0\n 19 24  1  0\n 20 25  2  0\n 21 23  2  0\n 24 26  2  0\n 25 26  1  0\n 27 30  1  0\n 30 31  2  0\nM  END\n> <chembl_id>\nCHEMBL1510231\n\n> <chembl_pref_name>\nNone', 'standard_inchi': 'InChI=1S/C24H25FN2O4/c1-4-14-31-19-7-5-6-17(15-19)21-20(22(28)16-8-10-18(25)11-9-16)23(29)24(30)27(21)13-12-26(2)3/h4-11,15,21,29H,1,12-14H2,2-3H3', 'standard_inchi_key': 'ZLMKRMZHFQSDFM-UHFFFAOYSA-N'}",Small molecule,0.0,False,-1.0,False,0.0,,-1.0,46.987950801849365234375,MOL,False,False,,,,,-1.0,False,ChEMBL
[],-1.0,,0.0,0.0,-1.0,[],False,,-1.0,,-1.0,,CHEMBL1548793,"{'active_chembl_id': 'CHEMBL1548793', 'molecule_chembl_id': 'CHEMBL1548793', 'parent_chembl_id': 'CHEMBL1548793'}","{'alogp': '3.80', 'aromatic_rings': 3, 'full_molformula': 'C27H27N3O4', 'full_mwt': '457.53', 'hba': 6, 'hbd': 1, 'heavy_atoms': 34, 'mw_freebase': '457.53', 'np_likeness_score': '-1.19', 'num_ro5_violations': 0, 'psa': '82.97', 'qed_weighted': '0.49', 'ro3_pass': 'N', 'rtb': 9}","{'canonical_smiles': 'CN(C)CCN1C(=O)C(O)=C(C(=O)c2ccc(OCc3ccccc3)cc2)C1c1ccncc1', 'molfile': '\n     RDKit          2D\n\n 34 37  0  0  0  0  0  0  0  0999 V2000\n   -0.5324   -1.0270    0.0000 O   0  0  0  0  0  0  0  0  0  0  0  0\n   -1.0870    0.6800    0.0000 O   0  0  0  0  0  0  0  0  0  0  0  0\n    2.0829   -0.9408    0.0000 O   0  0  0  0  0  0  0  0  0  0  0  0\n   -0.0798   -4.0417    0.0000 O   0  0  0  0  0  0  0  0  0  0  0  0\n    0.3650    0.9100    0.0000 N   0  0  0  0  0  0  0  0  0  0  0  0\n    3.3863    1.1899    0.0000 N   0  0  0  0  0  0  0  0  0  0  0  0\n   -0.3494    2.9725    0.0000 N   0  0  0  0  0  0  0  0  0  0  0  0\n    1.0325    0.4251    0.0000 C   0  0  0  0  0  0  0  0  0  0  0  0\n    0.7775   -0.3596    0.0000 C   0  0  0  0  0  0  0  0  0  0  0  0\n   -0.0475   -0.3596    0.0000 C   0  0  0  0  0  0  0  0  0  0  0  0\n   -0.3024    0.4251    0.0000 C   0  0  0  0  0  0  0  0  0  0  0  0\n    1.2625   -1.0270    0.0000 C   0  0  0  0  0  0  0  0  0  0  0  0\n    1.8171    0.6800    0.0000 C   0  0  0  0  0  0  0  0  0  0  0  0\n    0.9269   -1.7807    0.0000 C   0  0  0  0  0  0  0  0  0  0  0  0\n    0.3650    1.7350    0.0000 C   0  0  0  0  0  0  0  0  0  0  0  0\n    2.4302    0.1280    0.0000 C   0  0  0  0  0  0  0  0  0  0  0  0\n    1.9886    1.4870    0.0000 C   0  0  0  0  0  0  0  0  0  0  0  0\n    1.4118   -2.4481    0.0000 C   0  0  0  0  0  0  0  0  0  0  0  0\n    0.1064   -1.8669    0.0000 C   0  0  0  0  0  0  0  0  0  0  0  0\n   -0.3494    2.1475    0.0000 C   0  0  0  0  0  0  0  0  0  0  0  0\n    3.2148    0.3829    0.0000 C   0  0  0  0  0  0  0  0  0  0  0  0\n    2.7732    1.7419    0.0000 C   0  0  0  0  0  0  0  0  0  0  0  0\n    0.2558   -3.2880    0.0000 C   0  0  0  0  0  0  0  0  0  0  0  0\n    1.0763   -3.2018    0.0000 C   0  0  0  0  0  0  0  0  0  0  0  0\n   -0.2291   -2.6206    0.0000 C   0  0  0  0  0  0  0  0  0  0  0  0\n    0.4052   -4.7091    0.0000 C   0  0  0  0  0  0  0  0  0  0  0  0\n   -1.0639    3.3850    0.0000 C   0  0  0  0  0  0  0  0  0  0  0  0\n    0.3650    3.3850    0.0000 C   0  0  0  0  0  0  0  0  0  0  0  0\n    0.0696   -5.4628    0.0000 C   0  0  0  0  0  0  0  0  0  0  0  0\n    0.5545   -6.1303    0.0000 C   0  0  0  0  0  0  0  0  0  0  0  0\n   -0.7509   -5.5491    0.0000 C   0  0  0  0  0  0  0  0  0  0  0  0\n    0.2190   -6.8839    0.0000 C   0  0  0  0  0  0  0  0  0  0  0  0\n   -1.0864   -6.3027    0.0000 C   0  0  0  0  0  0  0  0  0  0  0  0\n   -0.6015   -6.9702    0.0000 C   0  0  0  0  0  0  0  0  0  0  0  0\n  1 10  1  0\n  2 11  2  0\n  3 12  2  0\n  4 23  1  0\n  4 26  1  0\n  5  8  1  0\n  5 11  1  0\n  5 15  1  0\n  6 21  2  0\n  6 22  1  0\n  7 20  1  0\n  7 27  1  0\n  7 28  1  0\n  8  9  1  0\n  8 13  1  0\n  9 10  2  0\n  9 12  1  0\n 10 11  1  0\n 12 14  1  0\n 13 16  2  0\n 13 17  1  0\n 14 18  2  0\n 14 19  1  0\n 15 20  1  0\n 16 21  1  0\n 17 22  2  0\n 18 24  1  0\n 19 25  2  0\n 23 24  2  0\n 23 25  1  0\n 26 29  1  0\n 29 30  2  0\n 29 31  1  0\n 30 32  1  0\n 31 33  2  0\n 32 34  2  0\n 33 34  1  0\nM  END\n> <chembl_id>\nCHEMBL1548793\n\n> <chembl_pref_name>\nNone', 'standard_inchi': 'InChI=1S/C27H27N3O4/c1-29(2)16-17-30-24(20-12-14-28-15-13-20)23(26(32)27(30)33)25(31)21-8-10-22(11-9-21)34-18-19-6-4-3-5-7-19/h3-15,24,32H,16-18H2,1-2H3', 'standard_inchi_key': 'XIFPLIVFPHGUPI-UHFFFAOYSA-N'}",Small molecule,0.0,False,-1.0,False,0.0,,-1.0,46.91357910633087158203125,MOL,False,False,,,,,-1.0,False,ChEMBL
[],-1.0,,0.0,0.0,-1.0,[],False,,-1.0,,-1.0,,CHEMBL1579620,"{'active_chembl_id': 'CHEMBL1579620', 'molecule_chembl_id': 'CHEMBL1579620', 'parent_chembl_id': 'CHEMBL1579620'}","{'alogp': '3.45', 'aromatic_rings': 2, 'full_molformula': 'C22H24N2O4S', 'full_mwt': '412.51', 'hba': 6, 'hbd': 1, 'heavy_atoms': 29, 'mw_freebase': '412.51', 'np_likeness_score': '-1.50', 'num_ro5_violations': 0, 'psa': '70.08', 'qed_weighted': '0.50', 'ro3_pass': 'N', 'rtb': 9}","{'canonical_smiles': 'C=CCOc1ccc(C(=O)C2=C(O)C(=O)N(CCN(C)C)C2c2cccs2)cc1', 'molfile': '\n     RDKit          2D\n\n 29 31  0  0  0  0  0  0  0  0999 V2000\n    2.8916   -0.8104    0.0000 S   0  0  0  0  0  0  0  0  0  0  0  0\n   -0.1254   -2.0325    0.0000 O   0  0  0  0  0  0  0  0  0  0  0  0\n   -0.6800   -0.3255    0.0000 O   0  0  0  0  0  0  0  0  0  0  0  0\n    2.4900   -1.9463    0.0000 O   0  0  0  0  0  0  0  0  0  0  0  0\n    0.3272   -5.0472    0.0000 O   0  0  0  0  0  0  0  0  0  0  0  0\n    0.7721   -0.0955    0.0000 N   0  0  0  0  0  0  0  0  0  0  0  0\n    0.0576    1.9670    0.0000 N   0  0  0  0  0  0  0  0  0  0  0  0\n    1.4395   -0.5804    0.0000 C   0  0  0  0  0  0  0  0  0  0  0  0\n    1.1846   -1.3651    0.0000 C   0  0  0  0  0  0  0  0  0  0  0  0\n    0.3596   -1.3651    0.0000 C   0  0  0  0  0  0  0  0  0  0  0  0\n    0.1046   -0.5804    0.0000 C   0  0  0  0  0  0  0  0  0  0  0  0\n    1.6695   -2.0325    0.0000 C   0  0  0  0  0  0  0  0  0  0  0  0\n    2.2241   -0.3255    0.0000 C   0  0  0  0  0  0  0  0  0  0  0  0\n    1.3339   -2.7862    0.0000 C   0  0  0  0  0  0  0  0  0  0  0  0\n    0.7721    0.7295    0.0000 C   0  0  0  0  0  0  0  0  0  0  0  0\n    2.4791    0.4591    0.0000 C   0  0  0  0  0  0  0  0  0  0  0  0\n    1.8188   -3.4536    0.0000 C   0  0  0  0  0  0  0  0  0  0  0  0\n    0.5134   -2.8724    0.0000 C   0  0  0  0  0  0  0  0  0  0  0  0\n    3.5590   -0.3255    0.0000 C   0  0  0  0  0  0  0  0  0  0  0  0\n    3.3041    0.4591    0.0000 C   0  0  0  0  0  0  0  0  0  0  0  0\n    0.0576    1.1420    0.0000 C   0  0  0  0  0  0  0  0  0  0  0  0\n    0.6628   -4.2935    0.0000 C   0  0  0  0  0  0  0  0  0  0  0  0\n    1.4833   -4.2073    0.0000 C   0  0  0  0  0  0  0  0  0  0  0  0\n    0.1779   -3.6261    0.0000 C   0  0  0  0  0  0  0  0  0  0  0  0\n   -0.6569    2.3795    0.0000 C   0  0  0  0  0  0  0  0  0  0  0  0\n    0.7721    2.3795    0.0000 C   0  0  0  0  0  0  0  0  0  0  0  0\n    0.8122   -5.7146    0.0000 C   0  0  0  0  0  0  0  0  0  0  0  0\n    0.4766   -6.4683    0.0000 C   0  0  0  0  0  0  0  0  0  0  0  0\n    0.9615   -7.1357    0.0000 C   0  0  0  0  0  0  0  0  0  0  0  0\n  1 13  1  0\n  1 19  1  0\n  2 10  1  0\n  3 11  2  0\n  4 12  2  0\n  5 22  1  0\n  5 27  1  0\n  6  8  1  0\n  6 11  1  0\n  6 15  1  0\n  7 21  1  0\n  7 25  1  0\n  7 26  1  0\n  8  9  1  0\n  8 13  1  0\n  9 10  2  0\n  9 12  1  0\n 10 11  1  0\n 12 14  1  0\n 13 16  2  0\n 14 17  2  0\n 14 18  1  0\n 15 21  1  0\n 16 20  1  0\n 17 23  1  0\n 18 24  2  0\n 19 20  2  0\n 22 23  2  0\n 22 24  1  0\n 27 28  1  0\n 28 29  2  0\nM  END\n> <chembl_id>\nCHEMBL1579620\n\n> <chembl_pref_name>\nNone', 'standard_inchi': 'InChI=1S/C22H24N2O4S/c1-4-13-28-16-9-7-15(8-10-16)20(25)18-19(17-6-5-14-29-17)24(12-11-23(2)3)22(27)21(18)26/h4-10,14,19,26H,1,11-13H2,2-3H3', 'standard_inchi_key': 'PVOKUPQJDQQILK-UHFFFAOYSA-N'}",Small molecule,0.0,False,-1.0,False,0.0,,-1.0,46.34146392345428466796875,MOL,False,False,,,,,-1.0,False,ChEMBL
[],-1.0,,0.0,0.0,-1.0,[],False,,-1.0,,-1.0,,CHEMBL1506186,"{'active_chembl_id': 'CHEMBL1506186', 'molecule_chembl_id': 'CHEMBL1506186', 'parent_chembl_id': 'CHEMBL1506186'}","{'alogp': '3.92', 'aromatic_rings': 2, 'full_molformula': 'C25H27FN2O4', 'full_mwt': '438.50', 'hba': 5, 'hbd': 1, 'heavy_atoms': 32, 'mw_freebase': '438.50', 'np_likeness_score': '-1.26', 'num_ro5_violations': 0, 'psa': '70.08', 'qed_weighted': '0.45', 'ro3_pass': 'N', 'rtb': 10}","{'canonical_smiles': 'C=CCOc1ccc(C2C(C(=O)c3ccc(F)cc3)=C(O)C(=O)N2CCCN(C)C)cc1', 'molfile': '\n     RDKit          2D\n\n 32 34  0  0  0  0  0  0  0  0999 V2000\n    5.3845   -5.3374    0.0000 F   0  0  0  0  0  0  0  0  0  0  0  0\n    2.5474   -4.2221    0.0000 O   0  0  0  0  0  0  0  0  0  0  0  0\n    0.7918   -3.8489    0.0000 O   0  0  0  0  0  0  0  0  0  0  0  0\n    3.7804   -1.9140    0.0000 O   0  0  0  0  0  0  0  0  0  0  0  0\n    2.7584    1.0871    0.0000 O   0  0  0  0  0  0  0  0  0  0  0  0\n    1.3186   -2.4764    0.0000 N   0  0  0  0  0  0  0  0  0  0  0  0\n   -1.5392   -2.4764    0.0000 N   0  0  0  0  0  0  0  0  0  0  0  0\n    2.0723   -2.1408    0.0000 C   0  0  0  0  0  0  0  0  0  0  0  0\n    2.6243   -2.7539    0.0000 C   0  0  0  0  0  0  0  0  0  0  0  0\n    2.2118   -3.4684    0.0000 C   0  0  0  0  0  0  0  0  0  0  0  0\n    1.4049   -3.2969    0.0000 C   0  0  0  0  0  0  0  0  0  0  0  0\n    2.2438   -1.3339    0.0000 C   0  0  0  0  0  0  0  0  0  0  0  0\n    3.4448   -2.6677    0.0000 C   0  0  0  0  0  0  0  0  0  0  0  0\n    3.9297   -3.3351    0.0000 C   0  0  0  0  0  0  0  0  0  0  0  0\n    0.6042   -2.0639    0.0000 C   0  0  0  0  0  0  0  0  0  0  0  0\n    1.6307   -0.7818    0.0000 C   0  0  0  0  0  0  0  0  0  0  0  0\n    3.0285   -1.0789    0.0000 C   0  0  0  0  0  0  0  0  0  0  0  0\n    4.7502   -3.2489    0.0000 C   0  0  0  0  0  0  0  0  0  0  0  0\n    3.5942   -4.0888    0.0000 C   0  0  0  0  0  0  0  0  0  0  0  0\n    1.8023    0.0251    0.0000 C   0  0  0  0  0  0  0  0  0  0  0  0\n    3.2000   -0.2719    0.0000 C   0  0  0  0  0  0  0  0  0  0  0  0\n    2.5869    0.2801    0.0000 C   0  0  0  0  0  0  0  0  0  0  0  0\n   -0.1103   -2.4764    0.0000 C   0  0  0  0  0  0  0  0  0  0  0  0\n    5.2351   -3.9163    0.0000 C   0  0  0  0  0  0  0  0  0  0  0  0\n    4.0791   -4.7562    0.0000 C   0  0  0  0  0  0  0  0  0  0  0  0\n    4.8996   -4.6700    0.0000 C   0  0  0  0  0  0  0  0  0  0  0  0\n   -0.8248   -2.0639    0.0000 C   0  0  0  0  0  0  0  0  0  0  0  0\n    2.1453    1.6391    0.0000 C   0  0  0  0  0  0  0  0  0  0  0  0\n    2.3169    2.4461    0.0000 C   0  0  0  0  0  0  0  0  0  0  0  0\n   -2.2537   -2.0639    0.0000 C   0  0  0  0  0  0  0  0  0  0  0  0\n   -1.5392   -3.3014    0.0000 C   0  0  0  0  0  0  0  0  0  0  0  0\n    1.7038    2.9981    0.0000 C   0  0  0  0  0  0  0  0  0  0  0  0\n  1 26  1  0\n  2 10  1  0\n  3 11  2  0\n  4 13  2  0\n  5 22  1  0\n  5 28  1  0\n  6  8  1  0\n  6 11  1  0\n  6 15  1  0\n  7 27  1  0\n  7 30  1  0\n  7 31  1  0\n  8  9  1  0\n  8 12  1  0\n  9 10  2  0\n  9 13  1  0\n 10 11  1  0\n 12 16  2  0\n 12 17  1  0\n 13 14  1  0\n 14 18  2  0\n 14 19  1  0\n 15 23  1  0\n 16 20  1  0\n 17 21  2  0\n 18 24  1  0\n 19 25  2  0\n 20 22  2  0\n 21 22  1  0\n 23 27  1  0\n 24 26  2  0\n 25 26  1  0\n 28 29  1  0\n 29 32  2  0\nM  END\n> <chembl_id>\nCHEMBL1506186\n\n> <chembl_pref_name>\nNone', 'standard_inchi': 'InChI=1S/C25H27FN2O4/c1-4-16-32-20-12-8-17(9-13-20)22-21(23(29)18-6-10-19(26)11-7-18)24(30)25(31)28(22)15-5-14-27(2)3/h4,6-13,22,30H,1,5,14-16H2,2-3H3', 'standard_inchi_key': 'GGEWYUXMAVCFLA-UHFFFAOYSA-N'}",Small molecule,0.0,False,-1.0,False,0.0,,-1.0,46.34146392345428466796875,MOL,False,False,,,,,-1.0,False,ChEMBL
[],-1.0,,0.0,0.0,-1.0,[],False,,-1.0,,-1.0,,CHEMBL1574421,"{'active_chembl_id': 'CHEMBL1574421', 'molecule_chembl_id': 'CHEMBL1574421', 'parent_chembl_id': 'CHEMBL1574421'}","{'alogp': '3.29', 'aromatic_rings': 2, 'full_molformula': 'C23H26N2O5', 'full_mwt': '410.47', 'hba': 6, 'hbd': 1, 'heavy_atoms': 30, 'mw_freebase': '410.47', 'np_likeness_score': '-1.35', 'num_ro5_violations': 0, 'psa': '83.22', 'qed_weighted': '0.50', 'ro3_pass': 'N', 'rtb': 9}","{'canonical_smiles': 'C=CCOc1cccc(C2C(C(=O)c3ccc(C)o3)=C(O)C(=O)N2CCN(C)C)c1', 'molfile': '\n     RDKit          2D\n\n 30 32  0  0  0  0  0  0  0  0999 V2000\n    0.5258    0.8619    0.0000 O   0  0  0  0  0  0  0  0  0  0  0  0\n    2.2814    0.4887    0.0000 O   0  0  0  0  0  0  0  0  0  0  0  0\n   -0.6016    0.7595    0.0000 O   0  0  0  0  0  0  0  0  0  0  0  0\n   -0.7072   -1.4462    0.0000 O   0  0  0  0  0  0  0  0  0  0  0  0\n    1.8840   -3.9374    0.0000 O   0  0  0  0  0  0  0  0  0  0  0  0\n    1.7545   -0.8838    0.0000 N   0  0  0  0  0  0  0  0  0  0  0  0\n    3.8980   -1.2963    0.0000 N   0  0  0  0  0  0  0  0  0  0  0  0\n    1.0009   -1.2194    0.0000 C   0  0  0  0  0  0  0  0  0  0  0  0\n    0.4488   -0.6063    0.0000 C   0  0  0  0  0  0  0  0  0  0  0  0\n    0.8613    0.1082    0.0000 C   0  0  0  0  0  0  0  0  0  0  0  0\n    1.6683   -0.0633    0.0000 C   0  0  0  0  0  0  0  0  0  0  0  0\n   -0.3716   -0.6925    0.0000 C   0  0  0  0  0  0  0  0  0  0  0  0\n    0.8293   -2.0263    0.0000 C   0  0  0  0  0  0  0  0  0  0  0  0\n   -0.8566   -0.0251    0.0000 C   0  0  0  0  0  0  0  0  0  0  0  0\n    2.4690   -1.2963    0.0000 C   0  0  0  0  0  0  0  0  0  0  0  0\n    1.4424   -2.5784    0.0000 C   0  0  0  0  0  0  0  0  0  0  0  0\n    0.0447   -2.2813    0.0000 C   0  0  0  0  0  0  0  0  0  0  0  0\n    1.2709   -3.3854    0.0000 C   0  0  0  0  0  0  0  0  0  0  0  0\n   -1.6816   -0.0251    0.0000 C   0  0  0  0  0  0  0  0  0  0  0  0\n   -1.2691    1.2445    0.0000 C   0  0  0  0  0  0  0  0  0  0  0  0\n    3.1835   -0.8838    0.0000 C   0  0  0  0  0  0  0  0  0  0  0  0\n   -0.1268   -3.0883    0.0000 C   0  0  0  0  0  0  0  0  0  0  0  0\n   -1.9365    0.7595    0.0000 C   0  0  0  0  0  0  0  0  0  0  0  0\n    0.4863   -3.6403    0.0000 C   0  0  0  0  0  0  0  0  0  0  0  0\n   -1.2691    2.0695    0.0000 C   0  0  0  0  0  0  0  0  0  0  0  0\n    2.6686   -3.6824    0.0000 C   0  0  0  0  0  0  0  0  0  0  0  0\n    4.6124   -0.8838    0.0000 C   0  0  0  0  0  0  0  0  0  0  0  0\n    3.8980   -2.1213    0.0000 C   0  0  0  0  0  0  0  0  0  0  0  0\n    3.2817   -4.2345    0.0000 C   0  0  0  0  0  0  0  0  0  0  0  0\n    4.0663   -3.9795    0.0000 C   0  0  0  0  0  0  0  0  0  0  0  0\n  1 10  1  0\n  2 11  2  0\n  3 14  1  0\n  3 20  1  0\n  4 12  2  0\n  5 18  1  0\n  5 26  1  0\n  6  8  1  0\n  6 11  1  0\n  6 15  1  0\n  7 21  1  0\n  7 27  1  0\n  7 28  1  0\n  8  9  1  0\n  8 13  1  0\n  9 10  2  0\n  9 12  1  0\n 10 11  1  0\n 12 14  1  0\n 13 16  1  0\n 13 17  2  0\n 14 19  2  0\n 15 21  1  0\n 16 18  2  0\n 17 22  1  0\n 18 24  1  0\n 19 23  1  0\n 20 23  2  0\n 20 25  1  0\n 22 24  2  0\n 26 29  1  0\n 29 30  2  0\nM  END\n> <chembl_id>\nCHEMBL1574421\n\n> <chembl_pref_name>\nNone', 'standard_inchi': 'InChI=1S/C23H26N2O5/c1-5-13-29-17-8-6-7-16(14-17)20-19(21(26)18-10-9-15(2)30-18)22(27)23(28)25(20)12-11-24(3)4/h5-10,14,20,27H,1,11-13H2,2-4H3', 'standard_inchi_key': 'XDMRMOYQRJYLFG-UHFFFAOYSA-N'}",Small molecule,0.0,False,-1.0,False,0.0,,-1.0,45.34883797168731689453125,MOL,False,False,,,,,-1.0,False,ChEMBL
[],-1.0,,0.0,0.0,-1.0,[],False,,-1.0,,-1.0,,CHEMBL1532948,"{'active_chembl_id': 'CHEMBL1532948', 'molecule_chembl_id': 'CHEMBL1532948', 'parent_chembl_id': 'CHEMBL1532948'}","{'alogp': '3.12', 'aromatic_rings': 2, 'full_molformula': 'C26H31N3O6', 'full_mwt': '481.55', 'hba': 7, 'hbd': 2, 'heavy_atoms': 35, 'mw_freebase': '481.55', 'np_likeness_score': '-1.16', 'num_ro5_violations': 0, 'psa': '112.17', 'qed_weighted': '0.30', 'ro3_pass': 'N', 'rtb': 10}","{'canonical_smiles': 'C=CCOc1ccc(C2C(C(=O)c3c(C)[nH]c(C(=O)OC)c3C)=C(O)C(=O)N2CCN(C)C)cc1', 'molfile': '\n     RDKit          2D\n\n 35 37  0  0  0  0  0  0  0  0999 V2000\n    1.7921   -2.1735    0.0000 O   0  0  0  0  0  0  0  0  0  0  0  0\n   -0.8232   -2.2597    0.0000 O   0  0  0  0  0  0  0  0  0  0  0  0\n   -1.3779   -0.5527    0.0000 O   0  0  0  0  0  0  0  0  0  0  0  0\n    0.0550   -5.7000    0.0000 O   0  0  0  0  0  0  0  0  0  0  0  0\n    1.4527   -5.4029    0.0000 O   0  0  0  0  0  0  0  0  0  0  0  0\n    3.8801    0.2121    0.0000 O   0  0  0  0  0  0  0  0  0  0  0  0\n    0.0742   -0.3228    0.0000 N   0  0  0  0  0  0  0  0  0  0  0  0\n   -0.2571   -4.0054    0.0000 N   0  0  0  0  0  0  0  0  0  0  0  0\n   -0.6403    1.7397    0.0000 N   0  0  0  0  0  0  0  0  0  0  0  0\n    0.4867   -1.5923    0.0000 C   0  0  0  0  0  0  0  0  0  0  0  0\n    0.7416   -0.8077    0.0000 C   0  0  0  0  0  0  0  0  0  0  0  0\n    0.9716   -2.2597    0.0000 C   0  0  0  0  0  0  0  0  0  0  0  0\n   -0.3383   -1.5923    0.0000 C   0  0  0  0  0  0  0  0  0  0  0  0\n    0.6361   -3.0134    0.0000 C   0  0  0  0  0  0  0  0  0  0  0  0\n   -0.5932   -0.8077    0.0000 C   0  0  0  0  0  0  0  0  0  0  0  0\n    1.5263   -0.5527    0.0000 C   0  0  0  0  0  0  0  0  0  0  0  0\n    1.0486   -3.7279    0.0000 C   0  0  0  0  0  0  0  0  0  0  0  0\n   -0.1709   -3.1849    0.0000 C   0  0  0  0  0  0  0  0  0  0  0  0\n    0.4965   -4.3410    0.0000 C   0  0  0  0  0  0  0  0  0  0  0  0\n    0.0742    0.5022    0.0000 C   0  0  0  0  0  0  0  0  0  0  0  0\n    1.6978    0.2542    0.0000 C   0  0  0  0  0  0  0  0  0  0  0  0\n    2.1393   -1.1048    0.0000 C   0  0  0  0  0  0  0  0  0  0  0  0\n    0.6681   -5.1480    0.0000 C   0  0  0  0  0  0  0  0  0  0  0  0\n    1.8690   -3.8141    0.0000 C   0  0  0  0  0  0  0  0  0  0  0  0\n   -0.7840   -2.6329    0.0000 C   0  0  0  0  0  0  0  0  0  0  0  0\n    2.4824    0.5092    0.0000 C   0  0  0  0  0  0  0  0  0  0  0  0\n    2.9240   -0.8498    0.0000 C   0  0  0  0  0  0  0  0  0  0  0  0\n   -0.6403    0.9147    0.0000 C   0  0  0  0  0  0  0  0  0  0  0  0\n    3.0955   -0.0429    0.0000 C   0  0  0  0  0  0  0  0  0  0  0  0\n    0.2265   -6.5070    0.0000 C   0  0  0  0  0  0  0  0  0  0  0  0\n    4.0516    1.0190    0.0000 C   0  0  0  0  0  0  0  0  0  0  0  0\n   -1.3547    2.1522    0.0000 C   0  0  0  0  0  0  0  0  0  0  0  0\n    0.0742    2.1522    0.0000 C   0  0  0  0  0  0  0  0  0  0  0  0\n    4.8363    1.2740    0.0000 C   0  0  0  0  0  0  0  0  0  0  0  0\n    5.0078    2.0810    0.0000 C   0  0  0  0  0  0  0  0  0  0  0  0\n  1 12  2  0\n  2 13  1  0\n  3 15  2  0\n  4 23  1  0\n  4 30  1  0\n  5 23  2  0\n  6 29  1  0\n  6 31  1  0\n  7 11  1  0\n  7 15  1  0\n  7 20  1  0\n  8 18  1  0\n  8 19  1  0\n  9 28  1  0\n  9 32  1  0\n  9 33  1  0\n 10 11  1  0\n 10 12  1  0\n 10 13  2  0\n 11 16  1  0\n 12 14  1  0\n 13 15  1  0\n 14 17  1  0\n 14 18  2  0\n 16 21  2  0\n 16 22  1  0\n 17 19  2  0\n 17 24  1  0\n 18 25  1  0\n 19 23  1  0\n 20 28  1  0\n 21 26  1  0\n 22 27  2  0\n 26 29  2  0\n 27 29  1  0\n 31 34  1  0\n 34 35  2  0\nM  END\n> <chembl_id>\nCHEMBL1532948\n\n> <chembl_pref_name>\nNone', 'standard_inchi': 'InChI=1S/C26H31N3O6/c1-7-14-35-18-10-8-17(9-11-18)22-20(24(31)25(32)29(22)13-12-28(4)5)23(30)19-15(2)21(26(33)34-6)27-16(19)3/h7-11,22,27,31H,1,12-14H2,2-6H3', 'standard_inchi_key': 'LJPDIYPSIKDJHF-UHFFFAOYSA-N'}",Small molecule,0.0,False,-1.0,False,0.0,,-1.0,43.820226192474365234375,MOL,False,False,,,,,-1.0,False,ChEMBL
[],-1.0,,0.0,0.0,-1.0,[],False,,-1.0,,-1.0,,CHEMBL1527904,"{'active_chembl_id': 'CHEMBL1527904', 'molecule_chembl_id': 'CHEMBL1527904', 'parent_chembl_id': 'CHEMBL1527904'}","{'alogp': '3.47', 'aromatic_rings': 2, 'full_molformula': 'C27H30N2O5', 'full_mwt': '462.55', 'hba': 6, 'hbd': 1, 'heavy_atoms': 34, 'mw_freebase': '462.55', 'np_likeness_score': '-1.26', 'num_ro5_violations': 0, 'psa': '79.31', 'qed_weighted': '0.45', 'ro3_pass': 'N', 'rtb': 9}","{'canonical_smiles': 'C=CCOc1ccc(C(=O)C2=C(O)C(=O)N(CCN3CCOCC3)C2c2ccc(C)cc2)cc1', 'molfile': '\n     RDKit          2D\n\n 34 37  0  0  0  0  0  0  0  0999 V2000\n   -1.9604   -0.3810    0.0000 O   0  0  0  0  0  0  0  0  0  0  0  0\n   -2.5151    1.3260    0.0000 O   0  0  0  0  0  0  0  0  0  0  0  0\n    0.6549   -0.2948    0.0000 O   0  0  0  0  0  0  0  0  0  0  0  0\n   -1.5078   -3.3957    0.0000 O   0  0  0  0  0  0  0  0  0  0  0  0\n   -1.7775    5.2684    0.0000 O   0  0  0  0  0  0  0  0  0  0  0  0\n   -1.0630    1.5559    0.0000 N   0  0  0  0  0  0  0  0  0  0  0  0\n   -1.7775    3.6184    0.0000 N   0  0  0  0  0  0  0  0  0  0  0  0\n   -0.3956    1.0710    0.0000 C   0  0  0  0  0  0  0  0  0  0  0  0\n   -0.6505    0.2864    0.0000 C   0  0  0  0  0  0  0  0  0  0  0  0\n   -1.4755    0.2864    0.0000 C   0  0  0  0  0  0  0  0  0  0  0  0\n   -1.7305    1.0710    0.0000 C   0  0  0  0  0  0  0  0  0  0  0  0\n   -0.1656   -0.3810    0.0000 C   0  0  0  0  0  0  0  0  0  0  0  0\n    0.3890    1.3260    0.0000 C   0  0  0  0  0  0  0  0  0  0  0  0\n   -0.5012   -1.1347    0.0000 C   0  0  0  0  0  0  0  0  0  0  0  0\n   -1.0630    2.3809    0.0000 C   0  0  0  0  0  0  0  0  0  0  0  0\n    0.5606    2.1329    0.0000 C   0  0  0  0  0  0  0  0  0  0  0  0\n    1.0021    0.7739    0.0000 C   0  0  0  0  0  0  0  0  0  0  0  0\n   -0.0162   -1.8022    0.0000 C   0  0  0  0  0  0  0  0  0  0  0  0\n   -1.3216   -1.2209    0.0000 C   0  0  0  0  0  0  0  0  0  0  0  0\n   -1.7775    2.7934    0.0000 C   0  0  0  0  0  0  0  0  0  0  0  0\n    1.3452    2.3879    0.0000 C   0  0  0  0  0  0  0  0  0  0  0  0\n    1.7868    1.0289    0.0000 C   0  0  0  0  0  0  0  0  0  0  0  0\n    1.9583    1.8358    0.0000 C   0  0  0  0  0  0  0  0  0  0  0  0\n   -0.3518   -2.5558    0.0000 C   0  0  0  0  0  0  0  0  0  0  0  0\n   -1.6572   -1.9746    0.0000 C   0  0  0  0  0  0  0  0  0  0  0  0\n   -1.1723   -2.6421    0.0000 C   0  0  0  0  0  0  0  0  0  0  0  0\n   -1.0630    4.0309    0.0000 C   0  0  0  0  0  0  0  0  0  0  0  0\n   -2.4920    4.0309    0.0000 C   0  0  0  0  0  0  0  0  0  0  0  0\n    2.7429    2.0908    0.0000 C   0  0  0  0  0  0  0  0  0  0  0  0\n   -1.0630    4.8559    0.0000 C   0  0  0  0  0  0  0  0  0  0  0  0\n   -2.4920    4.8559    0.0000 C   0  0  0  0  0  0  0  0  0  0  0  0\n   -1.0229   -4.0632    0.0000 C   0  0  0  0  0  0  0  0  0  0  0  0\n   -1.3585   -4.8169    0.0000 C   0  0  0  0  0  0  0  0  0  0  0  0\n   -0.8735   -5.4843    0.0000 C   0  0  0  0  0  0  0  0  0  0  0  0\n  1 10  1  0\n  2 11  2  0\n  3 12  2  0\n  4 26  1  0\n  4 32  1  0\n  5 30  1  0\n  5 31  1  0\n  6  8  1  0\n  6 11  1  0\n  6 15  1  0\n  7 20  1  0\n  7 27  1  0\n  7 28  1  0\n  8  9  1  0\n  8 13  1  0\n  9 10  2  0\n  9 12  1  0\n 10 11  1  0\n 12 14  1  0\n 13 16  2  0\n 13 17  1  0\n 14 18  2  0\n 14 19  1  0\n 15 20  1  0\n 16 21  1  0\n 17 22  2  0\n 18 24  1  0\n 19 25  2  0\n 21 23  2  0\n 22 23  1  0\n 23 29  1  0\n 24 26  2  0\n 25 26  1  0\n 27 30  1  0\n 28 31  1  0\n 32 33  1  0\n 33 34  2  0\nM  END\n> <chembl_id>\nCHEMBL1527904\n\n> <chembl_pref_name>\nNone', 'standard_inchi': 'InChI=1S/C27H30N2O5/c1-3-16-34-22-10-8-21(9-11-22)25(30)23-24(20-6-4-19(2)5-7-20)29(27(32)26(23)31)13-12-28-14-17-33-18-15-28/h3-11,24,31H,1,12-18H2,2H3', 'standard_inchi_key': 'YMMIYXHNHCWBBC-UHFFFAOYSA-N'}",Small molecule,0.0,False,-1.0,False,0.0,,-1.0,40.69767296314239501953125,MOL,False,False,,,,,-1.0,False,ChEMBL
[],-1.0,,0.0,0.0,-1.0,[],False,,-1.0,,-1.0,,CHEMBL3771068,"{'active_chembl_id': 'CHEMBL3771068', 'molecule_chembl_id': 'CHEMBL3771068', 'parent_chembl_id': 'CHEMBL3771068'}","{'alogp': '3.78', 'aromatic_rings': 2, 'full_molformula': 'C16H16O2', 'full_mwt': '240.30', 'hba': 2, 'hbd': 0, 'heavy_atoms': 18, 'mw_freebase': '240.30', 'np_likeness_score': '-0.92', 'num_ro5_violations': 0, 'psa': '26.30', 'qed_weighted': '0.76', 'ro3_pass': 'N', 'rtb': 4}","{'canonical_smiles': 'CC(=O)c1ccc(OCc2cccc(C)c2)cc1', 'molfile': '\n     RDKit          2D\n\n 18 19  0  0  0  0  0  0  0  0999 V2000\n    2.5973   -1.5031    0.0000 C   0  0  0  0  0  0  0  0  0  0  0  0\n    3.6375   -0.9049    0.0000 C   0  0  0  0  0  0  0  0  0  0  0  0\n    1.2990   -0.7500    0.0000 C   0  0  0  0  0  0  0  0  0  0  0  0\n    1.2990    0.7500    0.0000 C   0  0  0  0  0  0  0  0  0  0  0  0\n    0.0000    1.5000    0.0000 C   0  0  0  0  0  0  0  0  0  0  0  0\n   -1.2990    0.7500    0.0000 C   0  0  0  0  0  0  0  0  0  0  0  0\n   -1.2990   -0.7500    0.0000 C   0  0  0  0  0  0  0  0  0  0  0  0\n    0.0000   -1.5000    0.0000 C   0  0  0  0  0  0  0  0  0  0  0  0\n   -2.6003    1.4977    0.0000 O   0  0  0  0  0  0  0  0  0  0  0  0\n   -3.8990    0.7455    0.0000 C   0  0  0  0  0  0  0  0  0  0  0  0\n   -5.2003    1.4932    0.0000 C   0  0  0  0  0  0  0  0  0  0  0  0\n   -6.4994    0.7432    0.0000 C   0  0  0  0  0  0  0  0  0  0  0  0\n   -7.7985    1.4932    0.0000 C   0  0  0  0  0  0  0  0  0  0  0  0\n   -7.7985    2.9932    0.0000 C   0  0  0  0  0  0  0  0  0  0  0  0\n   -6.4995    3.7432    0.0000 C   0  0  0  0  0  0  0  0  0  0  0  0\n   -5.2004    2.9933    0.0000 C   0  0  0  0  0  0  0  0  0  0  0  0\n   -8.8377    0.8932    0.0000 C   0  0  0  0  0  0  0  0  0  0  0  0\n    2.5956   -2.7031    0.0000 O   0  0  0  0  0  0  0  0  0  0  0  0\n  1  2  1  0\n  3  4  1  0\n  4  5  2  0\n  5  6  1  0\n  6  7  2  0\n  7  8  1  0\n  3  8  2  0\n 10 11  1  0\n 11 12  1  0\n 12 13  2  0\n 13 14  1  0\n 14 15  2  0\n 15 16  1  0\n 11 16  2  0\n 13 17  1  0\n  9 10  1  0\n  6  9  1  0\n  1  3  1  0\n  1 18  2  0\nM  END\n> <chembl_id>\nCHEMBL3771068\n\n> <chembl_pref_name>\nNone', 'standard_inchi': 'InChI=1S/C16H16O2/c1-12-4-3-5-14(10-12)11-18-16-8-6-15(7-9-16)13(2)17/h3-10H,11H2,1-2H3', 'standard_inchi_key': 'YGHXJHBIGWIVNU-UHFFFAOYSA-N'}",Small molecule,0.0,False,-1.0,False,0.0,,-1.0,40.57970941066741943359375,MOL,False,False,,,,,-1.0,False,ChEMBL
[],-1.0,,0.0,0.0,-1.0,[],False,,-1.0,,-1.0,,CHEMBL1594441,"{'active_chembl_id': 'CHEMBL1594441', 'molecule_chembl_id': 'CHEMBL1594441', 'parent_chembl_id': 'CHEMBL1594441'}","{'alogp': '4.11', 'aromatic_rings': 3, 'full_molformula': 'C28H29N3O4', 'full_mwt': '471.56', 'hba': 6, 'hbd': 1, 'heavy_atoms': 35, 'mw_freebase': '471.56', 'np_likeness_score': '-1.21', 'num_ro5_violations': 0, 'psa': '82.97', 'qed_weighted': '0.47', 'ro3_pass': 'N', 'rtb': 9}","{'canonical_smiles': 'Cc1cc(C(=O)C2=C(O)C(=O)N(CCN(C)C)C2c2ccncc2)ccc1OCc1ccccc1', 'molfile': '\n     RDKit          2D\n\n 35 38  0  0  0  0  0  0  0  0999 V2000\n   -0.4700   -0.6886    0.0000 O   0  0  0  0  0  0  0  0  0  0  0  0\n   -1.0246    1.0184    0.0000 O   0  0  0  0  0  0  0  0  0  0  0  0\n    2.1454   -0.6024    0.0000 O   0  0  0  0  0  0  0  0  0  0  0  0\n   -0.0174   -3.7033    0.0000 O   0  0  0  0  0  0  0  0  0  0  0  0\n    0.4275    1.2483    0.0000 N   0  0  0  0  0  0  0  0  0  0  0  0\n    3.4488    1.5282    0.0000 N   0  0  0  0  0  0  0  0  0  0  0  0\n   -0.2870    3.3108    0.0000 N   0  0  0  0  0  0  0  0  0  0  0  0\n    0.8400   -0.0212    0.0000 C   0  0  0  0  0  0  0  0  0  0  0  0\n    1.0949    0.7634    0.0000 C   0  0  0  0  0  0  0  0  0  0  0  0\n    0.0150   -0.0212    0.0000 C   0  0  0  0  0  0  0  0  0  0  0  0\n   -0.2400    0.7634    0.0000 C   0  0  0  0  0  0  0  0  0  0  0  0\n    1.3249   -0.6886    0.0000 C   0  0  0  0  0  0  0  0  0  0  0  0\n    1.8795    1.0184    0.0000 C   0  0  0  0  0  0  0  0  0  0  0  0\n    0.9893   -1.4423    0.0000 C   0  0  0  0  0  0  0  0  0  0  0  0\n    0.4275    2.0733    0.0000 C   0  0  0  0  0  0  0  0  0  0  0  0\n    2.4926    0.4663    0.0000 C   0  0  0  0  0  0  0  0  0  0  0  0\n    2.0510    1.8253    0.0000 C   0  0  0  0  0  0  0  0  0  0  0  0\n    1.4742   -2.1098    0.0000 C   0  0  0  0  0  0  0  0  0  0  0  0\n    0.1688   -1.5286    0.0000 C   0  0  0  0  0  0  0  0  0  0  0  0\n    1.1387   -2.8634    0.0000 C   0  0  0  0  0  0  0  0  0  0  0  0\n    0.3182   -2.9497    0.0000 C   0  0  0  0  0  0  0  0  0  0  0  0\n   -0.2870    2.4858    0.0000 C   0  0  0  0  0  0  0  0  0  0  0  0\n   -0.1667   -2.2822    0.0000 C   0  0  0  0  0  0  0  0  0  0  0  0\n    3.2772    0.7213    0.0000 C   0  0  0  0  0  0  0  0  0  0  0  0\n    2.8357    2.0803    0.0000 C   0  0  0  0  0  0  0  0  0  0  0  0\n    1.6236   -3.5309    0.0000 C   0  0  0  0  0  0  0  0  0  0  0  0\n    0.4676   -4.3708    0.0000 C   0  0  0  0  0  0  0  0  0  0  0  0\n    0.1320   -5.1245    0.0000 C   0  0  0  0  0  0  0  0  0  0  0  0\n   -1.0015    3.7233    0.0000 C   0  0  0  0  0  0  0  0  0  0  0  0\n    0.4275    3.7233    0.0000 C   0  0  0  0  0  0  0  0  0  0  0  0\n    0.6169   -5.7919    0.0000 C   0  0  0  0  0  0  0  0  0  0  0  0\n   -0.6885   -5.2107    0.0000 C   0  0  0  0  0  0  0  0  0  0  0  0\n    0.2814   -6.5456    0.0000 C   0  0  0  0  0  0  0  0  0  0  0  0\n   -1.0240   -5.9644    0.0000 C   0  0  0  0  0  0  0  0  0  0  0  0\n   -0.5391   -6.6318    0.0000 C   0  0  0  0  0  0  0  0  0  0  0  0\n  1 10  1  0\n  2 11  2  0\n  3 12  2  0\n  4 21  1  0\n  4 27  1  0\n  5  9  1  0\n  5 11  1  0\n  5 15  1  0\n  6 24  2  0\n  6 25  1  0\n  7 22  1  0\n  7 29  1  0\n  7 30  1  0\n  8  9  1  0\n  8 10  2  0\n  8 12  1  0\n  9 13  1  0\n 10 11  1  0\n 12 14  1  0\n 13 16  2  0\n 13 17  1  0\n 14 18  1  0\n 14 19  2  0\n 15 22  1  0\n 16 24  1  0\n 17 25  2  0\n 18 20  2  0\n 19 23  1  0\n 20 21  1  0\n 20 26  1  0\n 21 23  2  0\n 27 28  1  0\n 28 31  2  0\n 28 32  1  0\n 31 33  1  0\n 32 34  2  0\n 33 35  2  0\n 34 35  1  0\nM  END\n> <chembl_id>\nCHEMBL1594441\n\n> <chembl_pref_name>\nNone', 'standard_inchi': 'InChI=1S/C28H29N3O4/c1-19-17-22(9-10-23(19)35-18-20-7-5-4-6-8-20)26(32)24-25(21-11-13-29-14-12-21)31(16-15-30(2)3)28(34)27(24)33/h4-14,17,25,33H,15-16,18H2,1-3H3', 'standard_inchi_key': 'KAWZYBYQVFFWKB-UHFFFAOYSA-N'}",Small molecule,0.0,False,-1.0,False,0.0,,-1.0,40.44943749904632568359375,MOL,False,False,,,,,-1.0,False,ChEMBL
[],-1.0,,0.0,0.0,-1.0,[],False,,-1.0,,-1.0,,CHEMBL1499492,"{'active_chembl_id': 'CHEMBL1499492', 'molecule_chembl_id': 'CHEMBL1499492', 'parent_chembl_id': 'CHEMBL1499492'}","{'alogp': '4.15', 'aromatic_rings': 2, 'full_molformula': 'C25H30N2O5', 'full_mwt': '438.52', 'hba': 6, 'hbd': 1, 'heavy_atoms': 32, 'mw_freebase': '438.52', 'np_likeness_score': '-1.33', 'num_ro5_violations': 0, 'psa': '83.22', 'qed_weighted': '0.40', 'ro3_pass': 'N', 'rtb': 12}","{'canonical_smiles': 'C=CCOc1ccc(C2C(C(=O)c3ccco3)=C(O)C(=O)N2CCCN(CC)CC)cc1', 'molfile': '\n     RDKit          2D\n\n 32 34  0  0  0  0  0  0  0  0999 V2000\n    1.9527    2.1561    0.0000 O   0  0  0  0  0  0  0  0  0  0  0  0\n    3.2865    0.9551    0.0000 O   0  0  0  0  0  0  0  0  0  0  0  0\n    0.3121    2.0791    0.0000 O   0  0  0  0  0  0  0  0  0  0  0  0\n   -1.0538    1.0286    0.0000 O   0  0  0  0  0  0  0  0  0  0  0  0\n   -0.8846   -2.3363    0.0000 O   0  0  0  0  0  0  0  0  0  0  0  0\n    2.1440    0.0299    0.0000 N   0  0  0  0  0  0  0  0  0  0  0  0\n    4.6190   -1.3991    0.0000 N   0  0  0  0  0  0  0  0  0  0  0  0\n    1.3235    0.1161    0.0000 C   0  0  0  0  0  0  0  0  0  0  0  0\n    1.1520    0.9231    0.0000 C   0  0  0  0  0  0  0  0  0  0  0  0\n    1.8665    1.3356    0.0000 C   0  0  0  0  0  0  0  0  0  0  0  0\n    2.4795    0.7835    0.0000 C   0  0  0  0  0  0  0  0  0  0  0  0\n    0.3983    1.2586    0.0000 C   0  0  0  0  0  0  0  0  0  0  0  0\n    0.7715   -0.4970    0.0000 C   0  0  0  0  0  0  0  0  0  0  0  0\n   -0.2691    0.7737    0.0000 C   0  0  0  0  0  0  0  0  0  0  0  0\n    2.5565   -0.6846    0.0000 C   0  0  0  0  0  0  0  0  0  0  0  0\n    1.0264   -1.2816    0.0000 C   0  0  0  0  0  0  0  0  0  0  0  0\n   -0.0355   -0.3255    0.0000 C   0  0  0  0  0  0  0  0  0  0  0  0\n   -0.2691   -0.0513    0.0000 C   0  0  0  0  0  0  0  0  0  0  0  0\n    0.4744   -1.8947    0.0000 C   0  0  0  0  0  0  0  0  0  0  0  0\n   -0.5875   -0.9386    0.0000 C   0  0  0  0  0  0  0  0  0  0  0  0\n   -0.3326   -1.7232    0.0000 C   0  0  0  0  0  0  0  0  0  0  0  0\n    3.3815   -0.6846    0.0000 C   0  0  0  0  0  0  0  0  0  0  0  0\n   -1.5387    0.3612    0.0000 C   0  0  0  0  0  0  0  0  0  0  0  0\n   -1.0538   -0.3062    0.0000 C   0  0  0  0  0  0  0  0  0  0  0  0\n    3.7940   -1.3991    0.0000 C   0  0  0  0  0  0  0  0  0  0  0  0\n   -0.6297   -3.1209    0.0000 C   0  0  0  0  0  0  0  0  0  0  0  0\n    5.0315   -2.1135    0.0000 C   0  0  0  0  0  0  0  0  0  0  0  0\n    5.0315   -0.6846    0.0000 C   0  0  0  0  0  0  0  0  0  0  0  0\n   -1.1817   -3.7340    0.0000 C   0  0  0  0  0  0  0  0  0  0  0  0\n    5.8565   -2.1135    0.0000 C   0  0  0  0  0  0  0  0  0  0  0  0\n    5.8565   -0.6846    0.0000 C   0  0  0  0  0  0  0  0  0  0  0  0\n   -0.9268   -4.5186    0.0000 C   0  0  0  0  0  0  0  0  0  0  0  0\n  1 10  1  0\n  2 11  2  0\n  3 12  2  0\n  4 14  1  0\n  4 23  1  0\n  5 21  1  0\n  5 26  1  0\n  6  8  1  0\n  6 11  1  0\n  6 15  1  0\n  7 25  1  0\n  7 27  1  0\n  7 28  1  0\n  8  9  1  0\n  8 13  1  0\n  9 10  2  0\n  9 12  1  0\n 10 11  1  0\n 12 14  1  0\n 13 16  2  0\n 13 17  1  0\n 14 18  2  0\n 15 22  1  0\n 16 19  1  0\n 17 20  2  0\n 18 24  1  0\n 19 21  2  0\n 20 21  1  0\n 22 25  1  0\n 23 24  2  0\n 26 29  1  0\n 27 30  1  0\n 28 31  1  0\n 29 32  2  0\nM  END\n> <chembl_id>\nCHEMBL1499492\n\n> <chembl_pref_name>\nNone', 'standard_inchi': 'InChI=1S/C25H30N2O5/c1-4-16-31-19-12-10-18(11-13-19)22-21(23(28)20-9-7-17-32-20)24(29)25(30)27(22)15-8-14-26(5-2)6-3/h4,7,9-13,17,22,29H,1,5-6,8,14-16H2,2-3H3', 'standard_inchi_key': 'PAYLZSPKYZBHQL-UHFFFAOYSA-N'}",Small molecule,0.0,False,-1.0,False,0.0,,-1.0,40.44943749904632568359375,MOL,False,False,,,,,-1.0,False,ChEMBL
